{
    "MASS": 0.027,
    "L": 0.0397,
    "THRUST2WEIGHT_RATIO": 2.25,
    "J": [
        [
            1.4e-05,
            0.0,
            0.0
        ],
        [
            0.0,
            1.4e-05,
            0.0
        ],
        [
            0.0,
            0.0,
            2.17e-05
        ]
    ],
    "J_INV": [
        [
            71428.57142857143,
            0.0,
            0.0
        ],
        [
            0.0,
            71428.57142857143,
            0.0
        ],
        [
            0.0,
            0.0,
            46082.949308755764
        ]
    ],
    "KF": 3.16e-10,
    "KM": 7.94e-12,
    "COLLISION_H": 0.025,
    "COLLISION_R": 0.06,
    "COLLISION_Z_OFFSET": 0.0,
    "MAX_SPEED_KMH": 30.0,
    "GND_EFF_COEFF": 11.36859,
    "PROP_RADIUS": 0.0231348,
    "DRAG_COEFF": [
        9.1785e-07,
        9.1785e-07,
        1.0311e-06
    ],
    "DW_COEFF_1": 2267.18,
    "DW_COEFF_2": 0.16,
    "DW_COEFF_3": -0.11,
    "PWM2RPM_SCALE": 0.2685,
    "PWM2RPM_CONST": 4070.3,
    "MIN_PWM": 20000.0,
    "MAX_PWM": 65535.0
}